{
	"id": "3b5f29e6-c8eb-4d23-bf52-c01255f22f08",
	"name": "BeEF",
	"values": [
		{
			"key": "hostname",
			"value": "127.0.0.1",
			"enabled": true
		},
		{
			"key": "username",
			"value": "beef",
			"enabled": true
		},
		{
			"key": "password",
			"value": "beef",
			"enabled": true
		},
		{
			"key": "token",
			"value": "",
			"enabled": true
		},
		{
			"key": "session",
			"value": "",
			"enabled": true
		},
		{
			"key": "module_id",
			"value": "",
			"enabled": true
		},
		{
			"key": "cmd_id",
			"value": "",
			"enabled": true
		},
		{
			"key": "dnsrule_id",
			"value": "",
			"enabled": true
		}
	],
	"_postman_variable_scope": "environment",
	"_postman_exported_at": "2020-01-03T06:00:29.827Z",
	"_postman_exported_using": "Postman/7.14.0"
}